[
    {
        "webUserId": "1",
        "userEmail": "keyur@temple.edu",
        "userPassword": "123456",
        "image": "http://cis-linux2.temple.edu:8080/FA20_3308_tuc30585/pics/keyur.jpg",
        "birthday": "10/10/1990",
        "membershipFee": "0.00",
        "userRoleId": "1",
        "userRoleType": "ADMIN",
        "errorMsg": ""
    },
    {
        "webUserId": "2",
        "userEmail": "m@temple.edu",
        "userPassword": "123",
        "image": "http://cis-linux2.temple.edu:8080/FA20_3308_tuc30585/pics/karl.jpg",
        "birthday": "01/03/1992",
        "membershipFee": "$50000.00",
        "userRoleId": "2",
        "userRoleType": "ALLROUNDER",
        "errorMsg": ""
    },
    {
        "webUserId": "3",
        "userEmail": "p@temple.edu",
        "userPassword": "321",
        "image": "http://cis-linux2.temple.edu:8080/FA20_3308_tuc30585/pics/pei.jpg",
        "birthday": "07/04/1989",
        "membershipFee": "$25000.00",
        "userRoleId": "3",
        "userRoleType": "BATSMAN",
        "errorMsg": ""
    },
    {
        "webUserId": "4",
        "userEmail": "q@temple.edu",
        "userPassword": "951",
        "image": "http://cis-linux2.temple.edu:8080/FA20_3308_tuc30585/pics/ed.jpg",
        "birthday": "05/06/1980",
        "membershipFee": "$25000.00",
        "userRoleId": "3",
        "userRoleType": "BATSMAN",
        "errorMsg": ""
    },
    {
        "webUserId": "5",
        "userEmail": "g@temple.edu",
        "userPassword": "654",
        "image": "http://cis-linux2.temple.edu:8080/FA20_3308_tuc30585/pics/eduard.jpg",
        "birthday": "12/22/2012",
        "membershipFee": "$50000.00",
        "userRoleId": "4",
        "userRoleType": "BOWLER",
        "errorMsg": ""
    },
    {
        "webUserId": "6",
        "userEmail": "x@temple.edu",
        "userPassword": "852",
        "image": "http://cis-linux2.temple.edu:8080/FA20_3308_tuc30585/pics/jie.jpg",
        "birthday": "12/25/2015",
        "membershipFee": "$50000.00",
        "userRoleId": "4",
        "userRoleType": "BOWLER",
        "errorMsg": ""
    },
    {
        "webUserId": "7",
        "userEmail": "kp@temple.edu",
        "userPassword": " ",
        "image": " ",
        "birthday": " ",
        "membershipFee": " ",
        "userRoleId": "5",
        "userRoleType": "KEEPER",
        "errorMsg": ""
    },
    {
        "webUserId": "8",
        "userEmail": "kk@temple.edu",
        "userPassword": "123",
        "image": " ",
        "birthday": " ",
        "membershipFee": "$50000.00",
        "userRoleId": "5",
        "userRoleType": "KEEPER",
        "errorMsg": ""
    }

]