[
    {
        "userRecordId": "1",
        "recordName": "1test",
        "totalGames": "75",
        "runs": "1567",
        "batAve": "48.49",
        "debutDate": "05/01/2006",
        "webUserId": "1",
        "userEmail": "abha@temple.edu",
        "imageLogo": "pics/test.jpg",
        "errorMsg": ""
    },
    {
        "userRecordId": "2",
        "recordName": "1odi",
        "totalGames": "125",
        "runs": "5364",
        "batAve": "68.77",
        "debutDate": "04/15/2005",
        "webUserId": "1",
        "userEmail": "abha@temple.edu",
        "imageLogo": "pics/odi.jpg",
        "errorMsg": ""
    },
    {
        "userRecordId": "3",
        "recordName": "1t20",
        "totalGames": "200",
        "runs": "4321",
        "batAve": "29.91",
        "debutDate": "06/15/2009",
        "webUserId": "1",
        "userEmail": "abha@temple.edu",
        "imageLogo": "pics/t20.jpg",
        "errorMsg": ""
    },
    {
        "userRecordId": "4",
        "recordName": "2test",
        "totalGames": " ",
        "runs": " ",
        "batAve": " ",
        "debutDate": " ",
        "webUserId": "2",
        "userEmail": "dominic@temple.edu",
        "imageLogo": "pics/test.jpg",
        "errorMsg": ""
    },
    {
        "userRecordId": "5",
        "recordName": "2odi",
        "totalGames": "42",
        "runs": "1668",
        "batAve": "40.48",
        "debutDate": "04/15/2010",
        "webUserId": "2",
        "userEmail": "dominic@temple.edu",
        "imageLogo": "pics/odi.jpg",
        "errorMsg": ""
    },
    {
        "userRecordId": "6",
        "recordName": "2t20",
        "totalGames": "100",
        "runs": "2321",
        "batAve": "30.15",
        "debutDate": "05/05/2010",
        "webUserId": "2",
        "userEmail": "dominic@temple.edu",
        "imageLogo": "pics/t20.jpg",
        "errorMsg": ""
    },
    {
        "userRecordId": "7",
        "recordName": "3test",
        "totalGames": "10",
        "runs": " ",
        "batAve": " ",
        "debutDate": "05/31/2018",
        "webUserId": "329",
        "userEmail": "eduard@temple.edu",
        "imageLogo": "pics/test.jpg",
        "errorMsg": ""
    },
    {
        "userRecordId": "8",
        "recordName": "3odi",
        "totalGames": " ",
        "runs": " ",
        "batAve": " ",
        "debutDate": " ",
        "webUserId": "329",
        "userEmail": "eduard@temple.edu",
        "imageLogo": "pics/odi.jpg",
        "errorMsg": ""
    },
    {
        "userRecordId": "9",
        "recordName": "3t20",
        "totalGames": "25",
        "runs": "250",
        "batAve": "10.00",
        "debutDate": "04/24/2019",
        "webUserId": "329",
        "userEmail": "eduard@temple.edu",
        "imageLogo": "pics/t20.jpg",
        "errorMsg": ""
    },
    {
        "userRecordId": "10",
        "recordName": "4test",
        "totalGames": " ",
        "runs": " ",
        "batAve": " ",
        "debutDate": " ",
        "webUserId": "350",
        "userEmail": "pei@gmail.com",
        "imageLogo": "pics/test.jpg",
        "errorMsg": ""
    },
    {
        "userRecordId": "11",
        "recordName": "4odi",
        "totalGames": " ",
        "runs": " ",
        "batAve": " ",
        "debutDate": " ",
        "webUserId": "350",
        "userEmail": "pei@gmail.com",
        "imageLogo": "pics/odi.jpg",
        "errorMsg": ""
    },
    {
        "userRecordId": "12",
        "recordName": "4t20",
        "totalGames": " ",
        "runs": " ",
        "batAve": " ",
        "debutDate": " ",
        "webUserId": "350",
        "userEmail": "pei@gmail.com",
        "imageLogo": "pics/t20.jpg",
        "errorMsg": ""
    }

]