[
    {
        "webUserId": "1",
        "userEmail": "abha@temple.edu",
        "userPassword": "pw",
        "image": "http://cis-linux2.temple.edu/~sallyk/pics_users/abha.jpg",
        "birthday": "11/22/2001",
        "membershipFee": "",
        "userRoleId": "3",
        "userRoleType": "Member",
        "errorMsg": ""
    },
    {
        "webUserId": "2",
        "userEmail": "dominic@temple.edu",
        "userPassword": "p",
        "image": "http://cis-linux2.temple.edu/~sallyk/pics_users/dominic.jpg",
        "birthday": "",
        "membershipFee": "$1,000.99",
        "userRoleId": "3",
        "userRoleType": "Member",
        "errorMsg": ""
    },
    {
        "webUserId": "228",
        "userEmail": "ed@temple.edu",
        "userPassword": "pass",
        "image": "http://cis-linux2.temple.edu/~sallyk/pics_users/ed.jpg",
        "birthday": "01/02/2003",
        "membershipFee": "$123.45",
        "userRoleId": "3",
        "userRoleType": "Member",
        "errorMsg": ""
    },
    {
        "webUserId": "329",
        "userEmail": "eduard@temple.edu",
        "userPassword": "pw",
        "image": "http://cis-linux2.temple.edu/~sallyk/pics_users/eduard.jpg",
        "birthday": "01/02/2009",
        "membershipFee": "$123.67",
        "userRoleId": "2",
        "userRoleType": "View",
        "errorMsg": ""
    },
    {
        "webUserId": "343",
        "userEmail": "frank@temple.edu",
        "userPassword": "pawpaw",
        "image": "http://cis-linux2.temple.edu/~sallyk/pics_users/frank.jpg",
        "birthday": "04/05/2015",
        "membershipFee": "$5.00",
        "userRoleId": "3",
        "userRoleType": "Member",
        "errorMsg": ""
    },
    {
        "webUserId": "346",
        "userEmail": "jamie@gmail.com",
        "userPassword": "tasos",
        "image": "http://cis-linux2.temple.edu/~sallyk/pics_users/jamie.jpg",
        "birthday": "02/02/1997",
        "membershipFee": "$9.99",
        "userRoleId": "1",
        "userRoleType": "Admin",
        "errorMsg": ""
    },
    {
        "webUserId": "347",
        "userEmail": "jie@gmail.com",
        "userPassword": "tasos",
        "image": "http://cis-linux2.temple.edu/~sallyk/pics_users/jie.jpg",
        "birthday": "02/02/1997",
        "membershipFee": "$9.99",
        "userRoleId": "1",
        "userRoleType": "Admin",
        "errorMsg": ""
    },
    {
        "webUserId": "348",
        "userEmail": "justin@gmail.com",
        "userPassword": "tasos",
        "image": "http://cis-linux2.temple.edu/~sallyk/pics_users/justin.jpg",
        "birthday": "02/02/1997",
        "membershipFee": "$9.99",
        "userRoleId": "1",
        "userRoleType": "Admin",
        "errorMsg": ""
    },
    {
        "webUserId": "349",
        "userEmail": "karl@gmail.com",
        "userPassword": "tasos",
        "image": "http://cis-linux2.temple.edu/~sallyk/pics_users/karl.jpg",
        "birthday": "02/02/1997",
        "membershipFee": "$9.99",
        "userRoleId": "1",
        "userRoleType": "Admin",
        "errorMsg": ""
    },
    {
        "webUserId": "350",
        "userEmail": "pei@gmail.com",
        "userPassword": "tasos",
        "image": "http://cis-linux2.temple.edu/~sallyk/pics_users/pei.jpg",
        "birthday": "02/02/1997",
        "membershipFee": "$9.99",
        "userRoleId": "1",
        "userRoleType": "Admin",
        "errorMsg": ""
    },
    {
        "webUserId": "351",
        "userEmail": "richard_s@gmail.com",
        "userPassword": "tasos",
        "image": "http://cis-linux2.temple.edu/~sallyk/pics_users/richard_s.jpg",
        "birthday": "02/02/1997",
        "membershipFee": "$9.99",
        "userRoleId": "1",
        "userRoleType": "Admin",
        "errorMsg": ""
    },
    {
        "webUserId": "352",
        "userEmail": "sallyk@gmail.com",
        "userPassword": "tasos",
        "image": "http://cis-linux2.temple.edu/~sallyk/pics_users/sallyk.jpg",
        "birthday": "02/02/1997",
        "membershipFee": "$9.99",
        "userRoleId": "1",
        "userRoleType": "Admin",
        "errorMsg": ""
    },
    {
        "webUserId": "353",
        "userEmail": "slobodan@gmail.com",
        "userPassword": "tasos",
        "image": "http://cis-linux2.temple.edu/~sallyk/pics_users/slobodan.jpg",
        "birthday": "02/02/1997",
        "membershipFee": "$9.99",
        "userRoleId": "1",
        "userRoleType": "Admin",
        "errorMsg": ""
    },
    {
        "webUserId": "354",
        "userEmail": "zoran@gmail.com",
        "userPassword": "tasos",
        "image": "http://cis-linux2.temple.edu/~sallyk/pics_users/zoran.jpg",
        "birthday": "02/02/1997",
        "membershipFee": "$9.99",
        "userRoleId": "1",
        "userRoleType": "Admin",
        "errorMsg": ""
    }

]