<?xml version="1.0" encoding="UTF-8"?>
<project-private xmlns="http://www.netbeans.org/ns/project-private/1">
    <editor-bookmarks xmlns="http://www.netbeans.org/ns/editor-bookmarks/2" lastBookmarkId="0"/>
    <open-files xmlns="http://www.netbeans.org/ns/projectui-open-files/2">
        <group>
            <file>file:/C:/Users/keyur/Documents/NetBeansProjects/CrickPoint_Patel/web/webAPIs/logoffAPI.jsp</file>
            <file>file:/C:/Users/keyur/Documents/NetBeansProjects/CrickPoint_Patel/web/js/components/records.js</file>
            <file>file:/C:/Users/keyur/Documents/NetBeansProjects/CrickPoint_Patel/web/js/components/users.js</file>
            <file>file:/C:/Users/keyur/Documents/NetBeansProjects/CrickPoint_Patel/web/js/components/webUserList.js</file>
            <file>file:/C:/Users/keyur/Documents/NetBeansProjects/CrickPoint_Patel/web/js/components/webUserRecordList.js</file>
            <file>file:/C:/Users/keyur/Documents/NetBeansProjects/CrickPoint_Patel/web/js/reusable/makeSortableTable.js</file>
            <file>file:/C:/Users/keyur/Documents/NetBeansProjects/CrickPoint_Patel/web/index.html</file>
        </group>
    </open-files>
</project-private>
